Cimetière;Localité;Code postal;Nom de rue;No d'habitation;Horaire;Végétalisation;Surface cimetière;Nbre Emplacements;Nbre SIHL (Sépultures d'Importance Historique Locale);Nbre Pelouses d'honneur;Nbre Cavurnes;Nbre Columbariums;Nbre Calvaires;Nbre Chapelles;Nbre Aires dispersion;Nbre Caveaux d'attente;Lien vers carto Cimetières en ligne;Images;Code rue;GID;Code Cimetière;Accès Point d'eau;Accès Electricité;Accès Handicapés;Code ins Localité;Geo Point;Geo Shape
Erpent;ERPENT;5101;Rue Regnié-Durette;;du 01/03 au 01/11 (de 8h à 18h) après Toussaint (de 8h à 17h);Végétalisé;1754.9340999998576;202;0;0;0;1;0;2;1;1;https://carto.ville.namur.be/public/tmpl/apppublic/?CTX=Appli%20Cimeti%C3%A8res%20-%20Opendata&KEY=CIM_CIMETIERES*23&CONFIGNAME=Elyx%20Cimeti%C3%A8re%20Consult&;https://data.namur.be/api/v2/catalog/datasets/namur-cimetieres/files/8bce5f7d4d6716f5d6b1f1036a5720c5;;23;11;OUI;NON;OUI;92039;50.45096384640453,4.906629887204894;"{""coordinates"": [[[4.9068855268, 50.4512008989], [4.9066910282, 50.4511233126], [4.9065173306, 50.4510546201], [4.9062441238, 50.4510766529], [4.9061878751, 50.450810434], [4.9064175823, 50.4507895019], [4.9066468672, 50.450805792], [4.9066337352, 50.450852154], [4.9066226866, 50.450895989], [4.9066198982, 50.4509108363], [4.9066075895, 50.4509553065], [4.9066730504, 50.4509662415], [4.9067315313, 50.450821403], [4.9071074691, 50.4508932036], [4.9070159814, 50.4510205738], [4.9069964509, 50.4510490744], [4.9069427474, 50.4511186402], [4.9068855268, 50.4512008989]]], ""type"": ""Polygon""}"
Daussoulx;DAUSSOULX;5020;Rue de la Guilitte;5;du 01/03 au 01/11 (de 8h à 18h) après Toussaint (de 8h à 17h);Végétalisé;1316.345949999996;207;3;0;4;1;0;0;2;1;https://carto.ville.namur.be/public/tmpl/apppublic/?CTX=Appli%20Cimeti%C3%A8res%20-%20Opendata&KEY=CIM_CIMETIERES*26&CONFIGNAME=Elyx%20Cimeti%C3%A8re%20Consult&;https://data.namur.be/api/v2/catalog/datasets/namur-cimetieres/files/668321174fb6d90e84d36ec4ed8de9a9;;26;09;;;;92031;50.51686414612873,4.873679193221723;"{""coordinates"": [[[4.8733733358, 50.5170456045], [4.8734396143, 50.5167290348], [4.8735471352, 50.5167227244], [4.8736287303, 50.5167182347], [4.8737132815, 50.5167132825], [4.8740323276, 50.5166951747], [4.8738723542, 50.5170052291], [4.8733733358, 50.5170456045]]], ""type"": ""Polygon""}"
Vedrin Comognes;VEDRIN;5020;Rue Alfred Brasseur;66;du 01/03 au 01/11 (de 8h à 18h) après Toussaint (de 8h à 17h);Minéralisé ou partiellement végétalisé;7661.915229439164;902;0;0;6;2;0;0;1;1;https://carto.ville.namur.be/public/tmpl/apppublic/?CTX=Appli%20Cimeti%C3%A8res%20-%20Opendata&KEY=CIM_CIMETIERES*32&CONFIGNAME=Elyx%20Cimeti%C3%A8re%20Consult&;https://data.namur.be/api/v2/catalog/datasets/namur-cimetieres/files/5e1c7cbdfae8ae7d35bdc8d82b36434a;;32;27;;;;92128;50.49188659294936,4.879913878677675;"{""coordinates"": [[[4.8801961211, 50.4922934205], [4.8800651302, 50.4919485841], [4.8795016219, 50.4920402744], [4.8793956851, 50.4920575115], [4.8793844527, 50.4920593391], [4.8788933745, 50.4921392419], [4.8784096919, 50.492218061], [4.8783831721, 50.4921783937], [4.8788804626, 50.4920889629], [4.8787561467, 50.4917919977], [4.8795952448, 50.4916471327], [4.8806096436, 50.4914839513], [4.8806948445, 50.4917073374], [4.8807506745, 50.4918615959], [4.8808063705, 50.4920073553], [4.8808167111, 50.4920382369], [4.8808774743, 50.4921963808], [4.8801961211, 50.4922934205]]], ""type"": ""Polygon""}"
Wépion;WEPION;5100;Rue du Vierly;10;du 01/03 au 01/11 (de 8h à 18h) après Toussaint (de 8h à 17h);Végétalisé;9037.61557243086;1385;21;154;5;2;1;1;1;1;https://carto.ville.namur.be/public/tmpl/apppublic/?CTX=Appli%20Cimeti%C3%A8res%20-%20Opendata&KEY=CIM_CIMETIERES*34&CONFIGNAME=Elyx%20Cimeti%C3%A8re%20Consult&;https://data.namur.be/api/v2/catalog/datasets/namur-cimetieres/files/50be46053d22feddda01362e81f5b00c;;34;29;;;;92135;50.41905308083183,4.874341081218633;"{""coordinates"": [[[4.8739966956, 50.4196137341], [4.8734079776, 50.4189120539], [4.8736240242, 50.4188395109], [4.8736684884, 50.4188253228], [4.8737730665, 50.4187925261], [4.874051142, 50.4186980524], [4.8742409669, 50.4186362978], [4.8748368964, 50.4185177228], [4.8748442444, 50.4186163782], [4.8749294346, 50.4187408196], [4.8752313024, 50.4192136683], [4.8747378226, 50.4193735796], [4.8742462326, 50.4195328745], [4.8741941359, 50.4195497563], [4.8739966956, 50.4196137341]]], ""type"": ""Polygon""}"
Saint-Marc;SAINT-MARC;5003;Rue du Centre;;du 01/03 au 01/11 (de 8h à 18h) après Toussaint (de 8h à 17h);Végétalisé;6575.672100000717;731;0;0;1;1;0;0;1;1;https://carto.ville.namur.be/public/tmpl/apppublic/?CTX=Appli%20Cimeti%C3%A8res%20-%20Opendata&KEY=CIM_CIMETIERES*9&CONFIGNAME=Elyx%20Cimeti%C3%A8re%20Consult&;https://data.namur.be/api/v2/catalog/datasets/namur-cimetieres/files/f2eafb1248cb7494b3235b411fa41a7a;;9;23;;;;92106;50.496500643549446,4.850554495693206;"{""coordinates"": [[[4.8503290408, 50.4973369343], [4.8501931701, 50.4971573293], [4.8501253322, 50.4970701336], [4.8499744758, 50.4968720701], [4.8502546034, 50.4964215695], [4.8502620915, 50.4964094913], [4.8506345831, 50.4957979485], [4.8512143919, 50.4959464026], [4.8508342713, 50.4965693968], [4.8503582068, 50.4973359144], [4.8503290408, 50.4973369343]]], ""type"": ""Polygon""}"
Bricgniot;SAINT-SERVAIS;5002;Rue de Gembloux;537;du 01/03 au 01/11 (de 8h à 18h) après Toussaint (de 8h à 17h);Minéralisé ou partiellement végétalisé;18250.163136884603;2734;0;221;1;2;0;0;2;1;https://carto.ville.namur.be/public/tmpl/apppublic/?CTX=Appli%20Cimeti%C3%A8res%20-%20Opendata&KEY=CIM_CIMETIERES*10&CONFIGNAME=Elyx%20Cimeti%C3%A8re%20Consult&;https://data.namur.be/api/v2/catalog/datasets/namur-cimetieres/files/99ba36043d54acd0ef1491ca8884153b;;10;06;;;;92108;50.484614278243406,4.836412053563286;"{""coordinates"": [[[4.8377702809, 50.485315751], [4.8377412999, 50.4853143854], [4.837709018, 50.485304566], [4.8362849192, 50.4849546475], [4.8346966468, 50.484561104], [4.8346220089, 50.4845427526], [4.8346264737, 50.4845385362], [4.8346532822, 50.4845116723], [4.8353328816, 50.4838062332], [4.8353526235, 50.4837850085], [4.8355050388, 50.4838600238], [4.8359730517, 50.4840923327], [4.836077969, 50.4841448752], [4.8360435774, 50.4842030961], [4.8381878492, 50.4847313574], [4.8382412578, 50.4847458859], [4.8382938567, 50.4847610254], [4.8381772362, 50.484885193], [4.8378112275, 50.4852906049], [4.8377901697, 50.4853091077], [4.8377702809, 50.485315751]]], ""type"": ""Polygon""}"
Boninne;BONINNE;5021;Rue de l'Eglise de Boninne;45;du 01/03 au 01/11 (de 8h à 18h) après Toussaint (de 8h à 17h);Végétalisé;2337.7171500009717;292;0;1;3;1;0;0;1;1;https://carto.ville.namur.be/public/tmpl/apppublic/?CTX=Appli%20Cimeti%C3%A8res%20-%20Opendata&KEY=CIM_CIMETIERES*14&CONFIGNAME=Elyx%20Cimeti%C3%A8re%20Consult&;https://data.namur.be/api/v2/catalog/datasets/namur-cimetieres/files/03bd83aa0aa0526d87d061524940b654;;14;04;OUI;NON;OUI;92017;50.49356402195143,4.930035097677314;"{""coordinates"": [[[4.9302346934, 50.4938355933], [4.9301314633, 50.4938303378], [4.9299583174, 50.4937410891], [4.9297947043, 50.4936474788], [4.9296719537, 50.4935767765], [4.9295107557, 50.4934846825], [4.9295821829, 50.4934347105], [4.929620068, 50.4934086351], [4.9298332422, 50.4932605222], [4.9305893047, 50.4936463387], [4.9303359614, 50.4937824199], [4.9302951852, 50.4938023959], [4.9302346934, 50.4938355933]]], ""type"": ""Polygon""}"
Lives-sur-Meuse;LIVES-SUR-MEUSE;5101;Rue de la Roche à l'Argent;;du 01/03 au 01/11 (de 8h à 18h) après Toussaint (de 8h à 17h);Végétalisé;1244.634800000045;141;0;1;0;1;0;0;1;1;https://carto.ville.namur.be/public/tmpl/apppublic/?CTX=Appli%20Cimeti%C3%A8res%20-%20Opendata&KEY=CIM_CIMETIERES*16&CONFIGNAME=Elyx%20Cimeti%C3%A8re%20Consult&;https://data.namur.be/api/v2/catalog/datasets/namur-cimetieres/files/f16f5c8795c43fafb65acf0244df9793;;16;16;OUI;NON;OUI;92075;50.46568380534151,4.924193577370045;"{""coordinates"": [[[4.9239251242, 50.4658896254], [4.9238271221, 50.4658324644], [4.9239817398, 50.465660726], [4.924000805, 50.4656409457], [4.9240415503, 50.465596158], [4.924105921, 50.465524106], [4.9241605631, 50.4654632487], [4.9245853772, 50.4656307784], [4.9245782201, 50.4656690224], [4.9243956958, 50.4657551255], [4.9241696794, 50.4658200388], [4.9239251242, 50.4658896254]]], ""type"": ""Polygon""}"
Beez;BEEZ;5000;Avenue du Château de Beez;25;du 01/03 au 01/11 (de 8h à 18h) après Toussaint (de 8h à 17h);Végétalisé;3589.9389252150977;524;0;0;0;1;0;0;2;1;https://carto.ville.namur.be/public/tmpl/apppublic/?CTX=Appli%20Cimeti%C3%A8res%20-%20Opendata&KEY=CIM_CIMETIERES*17&CONFIGNAME=Elyx%20Cimeti%C3%A8re%20Consult&;https://data.namur.be/api/v2/catalog/datasets/namur-cimetieres/files/f7c961f9b6c3659e25025bfaddbf8b73;;17;02;OUI;NON;OUI;92009;50.46896419927928,4.921798985952857;"{""coordinates"": [[[4.9221311018, 50.4693943551], [4.921623551, 50.4690764959], [4.9211666724, 50.4688073307], [4.9210875512, 50.4687607161], [4.9211187339, 50.4687278407], [4.9212759216, 50.4685621148], [4.9218877645, 50.4688046771], [4.9224777145, 50.4690385551], [4.9221980955, 50.4693255859], [4.9221734356, 50.4693509002], [4.9221311018, 50.4693943551]]], ""type"": ""Polygon""}"
Loyers;LOYERS;5101;Rue de Maizeret;20;du 01/03 au 01/11 (de 8h à 18h) après Toussaint (de 8h à 17h);Végétalisé;2652.361399999992;298;0;1;1;2;0;0;1;1;https://carto.ville.namur.be/public/tmpl/apppublic/?CTX=Appli%20Cimeti%C3%A8res%20-%20Opendata&KEY=CIM_CIMETIERES*20&CONFIGNAME=Elyx%20Cimeti%C3%A8re%20Consult&;https://data.namur.be/api/v2/catalog/datasets/namur-cimetieres/files/3bc9c75286a72667b78fc85127ba8f25;;20;17;OUI;NON;OUI;92078;50.463828157818085,4.950012430762006;"{""coordinates"": [[[[4.9502831554, 50.4638577591], [4.9501678117, 50.4637900082], [4.9501360379, 50.4637718265], [4.9500215463, 50.4637046106], [4.9503732076, 50.4634833916], [4.9504108574, 50.4635098151], [4.9504150528, 50.4635073667], [4.9505416591, 50.4635976272], [4.9505376023, 50.4635998952], [4.9506694655, 50.4636938154], [4.9503268363, 50.4638591588], [4.9502831554, 50.4638577591]]], [[[4.9499994085, 50.4642073827], [4.9499270531, 50.4641649496], [4.9496545468, 50.4640076292], [4.9495860147, 50.4639667951], [4.9496085259, 50.4639532867], [4.9496241823, 50.4639435885], [4.9493864735, 50.463775215], [4.9496238329, 50.46363962], [4.9498963146, 50.4637836345], [4.9499309405, 50.463804679], [4.9502168442, 50.4639862961], [4.9499994085, 50.4642073827]]]], ""type"": ""MultiPolygon""}"
Andoy;WIERDE;5100;Rue du Perseau;4;du 01/03 au 01/11 (de 8h à 18h) après Toussaint (de 8h à 17h);Végétalisé;3083.6799000005194;344;0;0;0;2;0;0;1;1;https://carto.ville.namur.be/public/tmpl/apppublic/?CTX=Appli%20Cimeti%C3%A8res%20-%20Opendata&KEY=CIM_CIMETIERES*21&CONFIGNAME=Elyx%20Cimeti%C3%A8re%20Consult&;https://data.namur.be/api/v2/catalog/datasets/namur-cimetieres/files/c7ad52d128bb952bf694d3d957449fc4;;21;01;OUI;NON;OUI;92136;50.43545753957693,4.930034163240618;"{""coordinates"": [[[4.930514218, 50.4357040264], [4.9304521882, 50.4356962349], [4.9298582741, 50.4356233159], [4.9297938485, 50.435615266], [4.9292385392, 50.4355451241], [4.9292605244, 50.4354997056], [4.929278858, 50.435502584], [4.9292817246, 50.435495018], [4.9292475931, 50.4354894288], [4.9292598453, 50.4354542166], [4.929247158, 50.4354526595], [4.9292498497, 50.4354422175], [4.9292423523, 50.435439107], [4.929242682, 50.4354312836], [4.9292483095, 50.4354191192], [4.9292509467, 50.4354159597], [4.9292605086, 50.4354151044], [4.929263935, 50.4354072661], [4.9292764933, 50.4354098127], [4.929290296, 50.4353747728], [4.9293277908, 50.4353790871], [4.9293287271, 50.4353749469], [4.9293478488, 50.4353373639], [4.9293591483, 50.4353168109], [4.9293715313, 50.4352926564], [4.9301048639, 50.4355017404], [4.930155976, 50.4352891361], [4.9301617473, 50.4352653731], [4.9301852301, 50.4351682514], [4.9302864003, 50.4351767527], [4.9306165248, 50.4352030265], [4.9305252603, 50.4355787344], [4.930514218, 50.4357040264]]], ""type"": ""Polygon""}"
Naninne;NANINNE;5100;Rue Badoux;31;du 01/03 au 01/11 (de 8h à 18h) après Toussaint (de 8h à 17h);Minéralisé ou partiellement végétalisé;4452.982390794846;438;0;0;0;1;0;0;1;1;https://carto.ville.namur.be/public/tmpl/apppublic/?CTX=Appli%20Cimeti%C3%A8res%20-%20Opendata&KEY=CIM_CIMETIERES*24&CONFIGNAME=Elyx%20Cimeti%C3%A8re%20Consult&;https://data.namur.be/api/v2/catalog/datasets/namur-cimetieres/files/bf6fbad54ed9867a452e3b65435589a9;;24;22;OUI;OUI;OUI;92095;50.41912967601174,4.91370404865477;"{""coordinates"": [[[4.9142418062, 50.4194369119], [4.9131690248, 50.4193583991], [4.9131015859, 50.4190088436], [4.913093943, 50.4189692319], [4.9141282956, 50.418766334], [4.9141282493, 50.4187753922], [4.9141325097, 50.4188048127], [4.9142096169, 50.4192507497], [4.9142418062, 50.4194369119]]], ""type"": ""Polygon""}"
Vedrin Centre;VEDRIN;5020;Rue Gustave Guidet;;du 01/03 au 01/11 (de 8h à 18h) après Toussaint (de 8h à 17h);Minéralisé ou partiellement végétalisé;8157.205849999714;988;0;0;0;2;0;0;1;1;https://carto.ville.namur.be/public/tmpl/apppublic/?CTX=Appli%20Cimeti%C3%A8res%20-%20Opendata&KEY=CIM_CIMETIERES*25&CONFIGNAME=Elyx%20Cimeti%C3%A8re%20Consult&;https://data.namur.be/api/v2/catalog/datasets/namur-cimetieres/files/cbb3b16fd1b32f8279f07116586dc668;;25;26;;;;92128;50.503949864440216,4.873799324468087;"{""coordinates"": [[[4.8740138565, 50.5046486496], [4.8733641725, 50.5043627887], [4.8737433358, 50.5039492016], [4.8733242898, 50.5037957564], [4.8728141512, 50.5036130362], [4.8728996875, 50.5035175467], [4.8729504683, 50.5034676994], [4.8731128757, 50.5033102921], [4.8731564641, 50.5033262858], [4.8732931757, 50.5033766683], [4.8734178503, 50.5034218884], [4.8735635936, 50.5034731304], [4.8736032258, 50.5034882421], [4.8736373279, 50.5035003209], [4.8736762429, 50.5035142669], [4.8743583153, 50.5037582697], [4.8744467586, 50.5037898909], [4.8746632688, 50.5038673455], [4.8746469888, 50.5038872852], [4.8746468498, 50.5038874656], [4.8743365638, 50.5042685705], [4.8743261502, 50.5042834499], [4.8741296853, 50.5045121212], [4.8740138565, 50.5046486496]]], ""type"": ""Polygon""}"
Dave;DAVE;5100;Rue de Naninne;50;du 01/03 au 01/11 (de 8h à 18h) après Toussaint (de 8h à 17h);Minéralisé ou partiellement végétalisé;5053.364695255151;548;0;50;0;2;1;0;2;1;https://carto.ville.namur.be/public/tmpl/apppublic/?CTX=Appli%20Cimeti%C3%A8res%20-%20Opendata&KEY=CIM_CIMETIERES*29&CONFIGNAME=Elyx%20Cimeti%C3%A8re%20Consult&;https://data.namur.be/api/v2/catalog/datasets/namur-cimetieres/files/7f526e367ebe2b8e82da75482d81426a;;29;10;OUI;OUI;NON;92032;50.41752297701551,4.89137300553527;"{""coordinates"": [[[4.8908033804, 50.4178347294], [4.8908025727, 50.4177422651], [4.8908023472, 50.4177217947], [4.8908005546, 50.4176975399], [4.8907974025, 50.4176377597], [4.8907670174, 50.4173474897], [4.8907640724, 50.417221058], [4.8909674679, 50.4172926788], [4.8911913063, 50.4172766015], [4.8912220499, 50.4172743935], [4.8913463194, 50.4172654674], [4.8913737571, 50.4172615498], [4.891952474, 50.4172100653], [4.8919796498, 50.4177154413], [4.8919852622, 50.4177519564], [4.8908033804, 50.4178347294]]], ""type"": ""Polygon""}"
Flawinne nouveau;FLAWINNE;5020;Rue Château des 4 Seigneurs;20;du 01/03 au 01/11 (de 8h à 18h) après Toussaint (de 8h à 17h);Minéralisé ou partiellement végétalisé;9899.444791705853;1515;0;0;4;3;0;0;1;1;https://carto.ville.namur.be/public/tmpl/apppublic/?CTX=Appli%20Cimeti%C3%A8res%20-%20Opendata&KEY=CIM_CIMETIERES*33&CONFIGNAME=Elyx%20Cimeti%C3%A8re%20Consult&;https://data.namur.be/api/v2/catalog/datasets/namur-cimetieres/files/cb514fcb10a36768e774137cf6843d54;;33;12;;;;92043;50.457907069314835,4.785823399390067;"{""coordinates"": [[[4.7851379646, 50.4584585761], [4.7853196328, 50.4575537887], [4.7857877523, 50.4572010299], [4.7866443161, 50.457665706], [4.7864043035, 50.4578438057], [4.7862854406, 50.4584465157], [4.7851379646, 50.4584585761]]], ""type"": ""Polygon""}"
La Plante;NAMUR;5000;Chemin de la Caracole;4;du 01/03 au 01/11 (de 8h à 18h) après Toussaint (de 8h à 17h);Végétalisé;3739.933208419834;485;32;0;0;0;0;0;1;1;https://carto.ville.namur.be/public/tmpl/apppublic/?CTX=Appli%20Cimeti%C3%A8res%20-%20Opendata&KEY=CIM_CIMETIERES*38&CONFIGNAME=Elyx%20Cimeti%C3%A8re%20Consult&;https://data.namur.be/api/v2/catalog/datasets/namur-cimetieres/files/164ec6c7d382a81e02d69bfd6fad5684;;38;21;OUI;OUI;NON;92094;50.439750218144844,4.857303517528372;"{""coordinates"": [[[4.8578428718, 50.4402053572], [4.8577183281, 50.4401709438], [4.8577258415, 50.4401630374], [4.8576542561, 50.4401403402], [4.857658095, 50.4401365076], [4.8573531405, 50.4400438091], [4.8568352664, 50.4398845548], [4.8567178739, 50.4398484479], [4.8570074256, 50.4396431706], [4.8568452402, 50.4395533074], [4.8569023021, 50.4395424506], [4.8569317635, 50.439535984], [4.8569836989, 50.4395154965], [4.8570270146, 50.4394917359], [4.8570454892, 50.4394758007], [4.8570863987, 50.4394218538], [4.8571287778, 50.4393681758], [4.8571569613, 50.4393393767], [4.8571839929, 50.4393205106], [4.8572133745, 50.4393063222], [4.8572622173, 50.4392905362], [4.8572925288, 50.439285169], [4.8573015169, 50.4392836145], [4.8573411755, 50.4392910311], [4.8573576428, 50.4393039225], [4.8574096166, 50.4393683724], [4.8574604039, 50.4394415526], [4.8574664349, 50.4394531627], [4.8577738719, 50.4400450641], [4.8578050784, 50.4400968662], [4.8578428718, 50.4402053572]]], ""type"": ""Polygon""}"
Malonne;MALONNE;5020;Rue du Tombois;31;du 01/03 au 01/11 (de 8h à 18h) après Toussaint (de 8h à 17h);Minéralisé ou partiellement végétalisé;9899.392800000667;1466;0;33;0;5;0;4;1;1;https://carto.ville.namur.be/public/tmpl/apppublic/?CTX=Appli%20Cimeti%C3%A8res%20-%20Opendata&KEY=CIM_CIMETIERES*39&CONFIGNAME=Elyx%20Cimeti%C3%A8re%20Consult&;https://data.namur.be/api/v2/catalog/datasets/namur-cimetieres/files/635f5853e8401b99789ab51b2c7fd310;;39;18;;;;92082;50.43773767513796,4.793262018174256;"{""coordinates"": [[[4.7938904184, 50.4378879724], [4.7942307304, 50.4378954463], [4.794231426, 50.4379101881], [4.7941076257, 50.4379502897], [4.794010207, 50.4379811243], [4.7939047775, 50.4380134266], [4.7939735695, 50.4382121333], [4.793814103, 50.4382467013], [4.7936893278, 50.4382724213], [4.7935661049, 50.438298585], [4.7934493395, 50.438322747], [4.793354224, 50.4383436831], [4.7929873622, 50.4381228704], [4.7926877093, 50.4379241972], [4.792567777, 50.4378461485], [4.7925387307, 50.437825127], [4.7925277814, 50.4377813835], [4.7925203721, 50.4377556978], [4.7924717188, 50.4375571864], [4.7924813198, 50.4375289214], [4.7924895791, 50.4375080334], [4.7925159592, 50.4374356538], [4.7925640426, 50.4373031388], [4.7925800575, 50.4372680176], [4.7926011929, 50.4372073448], [4.7928446457, 50.4372300105], [4.7933391386, 50.4372736946], [4.7937155679, 50.437306301], [4.793734301, 50.4373074911], [4.7938503884, 50.4373178545], [4.7938550062, 50.4374715744], [4.793854818, 50.4374976474], [4.7938585743, 50.4376494824], [4.7938596545, 50.4378011474], [4.793859887, 50.4378270391], [4.7938904342, 50.4378270171], [4.7938904184, 50.4378879724]]], ""type"": ""Polygon""}"
Flawinne ancien;FLAWINNE;5020;Rue Marcel Vandy;;du 01/03 au 01/11 (de 8h à 18h) après Toussaint (de 8h à 17h);Minéralisé ou partiellement végétalisé;6279.59928986473;937;0;1;0;1;0;2;1;1;https://carto.ville.namur.be/public/tmpl/apppublic/?CTX=Appli%20Cimeti%C3%A8res%20-%20Opendata&KEY=CIM_CIMETIERES*2&CONFIGNAME=Elyx%20Cimeti%C3%A8re%20Consult&;https://data.namur.be/api/v2/catalog/datasets/namur-cimetieres/files/ee5c0ad1a3751ed7e38c9a0c406314a9;;2;13;;;;92043;50.45676134638922,4.810719203662822;"{""coordinates"": [[[4.8101224264, 50.457212743], [4.8101144279, 50.4572072254], [4.8100792815, 50.457162707], [4.8099515532, 50.4570929806], [4.8099338895, 50.4570823041], [4.8099755128, 50.4570445381], [4.8099451221, 50.4569389395], [4.8100622737, 50.4569094211], [4.8100956737, 50.4569056252], [4.8101103077, 50.4568351574], [4.810135658, 50.4567285261], [4.810183213, 50.4565284861], [4.8102172365, 50.4565242167], [4.810431769, 50.4564972945], [4.8106765859, 50.4564665716], [4.8109273919, 50.4564350962], [4.8112162071, 50.4563988498], [4.8112587148, 50.4563934923], [4.8113076653, 50.4563873721], [4.8115787174, 50.4564584422], [4.8115188431, 50.4566818132], [4.8114733944, 50.4568515461], [4.8109119181, 50.4568671708], [4.8107167809, 50.4568725887], [4.8107436285, 50.4570330557], [4.8105481854, 50.4571868166], [4.8104643398, 50.4571963058], [4.8104649468, 50.4572009785], [4.8101224264, 50.457212743]]], ""type"": ""Polygon""}"
Wierde;WIERDE;5100;Fond du Village;30;du 01/03 au 01/11 (de 8h à 18h) après Toussaint (de 8h à 17h);Végétalisé;1726.1588999998667;129;0;0;0;1;0;0;1;1;https://carto.ville.namur.be/public/tmpl/apppublic/?CTX=Appli%20Cimeti%C3%A8res%20-%20Opendata&KEY=CIM_CIMETIERES*12&CONFIGNAME=Elyx%20Cimeti%C3%A8re%20Consult&;https://data.namur.be/api/v2/catalog/datasets/namur-cimetieres/files/04a18a537d3904244ee262d9e5d9ac47;;12;30;OUI;NON;OUI;92136;50.42527316695114,4.950421114465206;"{""coordinates"": [[[4.9506318707, 50.4254551203], [4.9505552287, 50.4255172698], [4.9504198443, 50.4255061705], [4.9504070552, 50.4255190911], [4.9500694828, 50.4253400709], [4.9500899078, 50.4253071529], [4.9502004255, 50.4251613114], [4.9504319521, 50.4249448267], [4.9505296391, 50.4250493475], [4.9505294079, 50.4250649024], [4.9506144728, 50.4251500666], [4.9506678914, 50.4252023938], [4.9506914848, 50.4252555898], [4.9507155191, 50.425310312], [4.9507224715, 50.4253836404], [4.9506824536, 50.4254140494], [4.9506318707, 50.4254551203]]], ""type"": ""Polygon""}"
Wartet;MARCHE-LES-DAMES;5020;Rue de Rangnet;;du 01/03 au 01/11 (de 8h à 18h) après Toussaint (de 8h à 17h);Végétalisé;2993.5490473239242;404;0;0;0;1;1;0;2;1;https://carto.ville.namur.be/public/tmpl/apppublic/?CTX=Appli%20Cimeti%C3%A8res%20-%20Opendata&KEY=CIM_CIMETIERES*15&CONFIGNAME=Elyx%20Cimeti%C3%A8re%20Consult&;https://data.namur.be/api/v2/catalog/datasets/namur-cimetieres/files/226b9783bfb6c1771212ee698c4c26f7;;15;28;OUI;NON;OUI;92083;50.493806218248935,4.969531904546325;"{""coordinates"": [[[4.9699008304, 50.4940847289], [4.9697131054, 50.4940460952], [4.9689678578, 50.4938927212], [4.9691575914, 50.493527533], [4.9701002944, 50.4937210388], [4.9699008304, 50.4940847289]]], ""type"": ""Polygon""}"
"Namur DDB (""dit de Belgrade"")";SAINT-SERVAIS;5002;Chaussée de Waterloo;436;du 01/03 au 01/11 (de 8h à 18h) après Toussaint (de 8h à 17h);Végétalisé;87347.54620000006;11592;0;596;168;12;0;18;7;1;https://carto.ville.namur.be/public/tmpl/apppublic/?CTX=Appli%20Cimeti%C3%A8res%20-%20Opendata&KEY=CIM_CIMETIERES*18&CONFIGNAME=Elyx%20Cimeti%C3%A8re%20Consult&;https://data.namur.be/api/v2/catalog/datasets/namur-cimetieres/files/28fc371155d9165ea53adc8d5a72454d;;18;20;OUI;OUI;OUI;92108;50.47408479267098,4.833258123017981;"{""coordinates"": [[[4.8343676906, 50.4760170085], [4.8343442993, 50.4760165628], [4.8343176129, 50.4760105563], [4.8335646597, 50.4757030415], [4.8321882434, 50.4751444802], [4.8317148204, 50.4749514552], [4.8313734525, 50.4748062709], [4.8308400253, 50.474570417], [4.8304103401, 50.4743828767], [4.8303511913, 50.4743561404], [4.8303977701, 50.4743218816], [4.8306558876, 50.4741079624], [4.8307161224, 50.4740583655], [4.83072698, 50.4733090599], [4.8310232824, 50.473312916], [4.8312280033, 50.4733156075], [4.8323971365, 50.4733292883], [4.8324544854, 50.4733304979], [4.8324961987, 50.4725125618], [4.8330840335, 50.47252325], [4.8335191263, 50.4725305007], [4.8335188715, 50.4725189041], [4.8336804751, 50.4725209546], [4.833680442, 50.4725319231], [4.83398126, 50.4725370122], [4.8339818309, 50.4725234344], [4.8341437393, 50.4725278206], [4.8341450858, 50.4725358167], [4.8351686958, 50.4725514009], [4.8351458644, 50.4731792945], [4.8351298525, 50.4736415569], [4.8351172958, 50.4741971261], [4.8355343571, 50.4743599762], [4.8352183157, 50.4746982068], [4.8350111482, 50.4749625479], [4.8348809155, 50.4751426093], [4.8347657619, 50.4753232395], [4.8347053414, 50.4754252535], [4.8346225329, 50.475585795], [4.8345329871, 50.4757632654], [4.8344474506, 50.4759616674], [4.8344396691, 50.4759869617], [4.8344318771, 50.4759968824], [4.8344192776, 50.4760050243], [4.8344042725, 50.476012097], [4.8343904999, 50.4760155685], [4.8343676906, 50.4760170085]]], ""type"": ""Polygon""}"
Belgrade village;BELGRADE;5001;Rue Adolphe Mazy;11;du 01/03 au 01/11 (de 8h à 18h) après Toussaint (de 8h à 17h);Végétalisé;13544.9838002947;1709;0;43;0;2;0;0;2;1;https://carto.ville.namur.be/public/tmpl/apppublic/?CTX=Appli%20Cimeti%C3%A8res%20-%20Opendata&KEY=CIM_CIMETIERES*19&CONFIGNAME=Elyx%20Cimeti%C3%A8re%20Consult&;https://data.namur.be/api/v2/catalog/datasets/namur-cimetieres/files/f2129bdb53a369154a605b8323f665d3;;19;03;;;;92010;50.4698220443003,4.823625899957787;"{""coordinates"": [[[4.8227657298, 50.4706055519], [4.8226989055, 50.4705930475], [4.8232011718, 50.4698220309], [4.82296547, 50.4697447513], [4.8230491901, 50.469581627], [4.82305571, 50.4695689232], [4.8231301026, 50.4694239744], [4.8231689933, 50.4693481966], [4.8231704964, 50.4693452689], [4.823194414, 50.4693049386], [4.8232196209, 50.4692605415], [4.823223174, 50.4692542837], [4.8232260801, 50.4692491649], [4.8232932825, 50.4691308046], [4.8233675563, 50.468997977], [4.8240247487, 50.4691919674], [4.8243993554, 50.4693034958], [4.824534244, 50.469344035], [4.82449929, 50.4693892681], [4.8245934974, 50.4694162563], [4.8245677244, 50.4694511801], [4.8245246562, 50.4695095423], [4.8244109544, 50.4696651344], [4.8244487001, 50.4696763098], [4.8244451981, 50.4696805491], [4.8243992549, 50.4697361759], [4.8243522979, 50.4697930295], [4.8242375846, 50.4699319184], [4.8242327033, 50.4699412589], [4.8240922358, 50.4701176084], [4.8240212471, 50.470204887], [4.8239516617, 50.470286657], [4.8239048401, 50.4703442201], [4.8237685478, 50.4705114338], [4.8237810123, 50.470516024], [4.8236726835, 50.4705587375], [4.8227657298, 50.4706055519]]], ""type"": ""Polygon""}"
Cognelée;COGNELEE;5022;Route de Wasseiges;120;du 01/03 au 01/11 (de 8h à 18h) après Toussaint (de 8h à 17h);Végétalisé;1306.8908500004286;175;0;0;0;1;0;0;1;1;https://carto.ville.namur.be/public/tmpl/apppublic/?CTX=Appli%20Cimeti%C3%A8res%20-%20Opendata&KEY=CIM_CIMETIERES*22&CONFIGNAME=Elyx%20Cimeti%C3%A8re%20Consult&;https://data.namur.be/api/v2/catalog/datasets/namur-cimetieres/files/f8bffe2d3e8caaca10bdf9eab341e94a;;22;08;OUI;NON;OUI;92025;50.51358699608331,4.907112202575328;"{""coordinates"": [[[4.9074289699, 50.513845738], [4.9073762435, 50.5138587486], [4.907030727, 50.5137659487], [4.9068050072, 50.5133958682], [4.9071265947, 50.5133191301], [4.9074289699, 50.513845738]]], ""type"": ""Polygon""}"
Champion;CHAMPION;5020;Rue de la Jonquière;22;du 01/03 au 01/11 (de 8h à 18h) après Toussaint (de 8h à 17h);Végétalisé;1828.1608999993805;286;0;0;0;1;0;0;1;1;https://carto.ville.namur.be/public/tmpl/apppublic/?CTX=Appli%20Cimeti%C3%A8res%20-%20Opendata&KEY=CIM_CIMETIERES*27&CONFIGNAME=Elyx%20Cimeti%C3%A8re%20Consult&;https://data.namur.be/api/v2/catalog/datasets/namur-cimetieres/files/2ca896ef74381703a1b1cdc5d3edcaec;;27;07;OUI;NON;OUI;92024;50.497370748105595,4.901107332921576;"{""coordinates"": [[[4.901236133, 50.4975533755], [4.9006025459, 50.49743913], [4.9006884503, 50.4972444534], [4.9006892838, 50.4972433707], [4.9009269592, 50.4972590053], [4.9009279138, 50.4972436272], [4.9011664532, 50.4972608756], [4.9011764329, 50.4972083257], [4.9016037206, 50.4972396328], [4.9014559988, 50.4974392684], [4.9014075519, 50.4975053904], [4.9013273294, 50.4975410005], [4.9012982049, 50.4975456291], [4.9012687964, 50.4975500792], [4.901236133, 50.4975533755]]], ""type"": ""Polygon""}"
Bouge;BOUGE;5004;Rue de la Poteresse;;du 01/03 au 01/11 (de 8h à 18h) après Toussaint (de 8h à 17h);Végétalisé;11573.866098910461;1600;0;76;6;4;0;3;2;1;https://carto.ville.namur.be/public/tmpl/apppublic/?CTX=Appli%20Cimeti%C3%A8res%20-%20Opendata&KEY=CIM_CIMETIERES*28&CONFIGNAME=Elyx%20Cimeti%C3%A8re%20Consult&;https://data.namur.be/api/v2/catalog/datasets/namur-cimetieres/files/248f1e27b9547da6d72eaabed548f5ef;;28;05;OUI;NON;OUI;92021;50.47890695721796,4.897078111192887;"{""coordinates"": [[[4.8973342662, 50.4798082922], [4.8963191092, 50.4787445894], [4.8961799248, 50.4786173586], [4.8961006592, 50.478407611], [4.896085626, 50.4783608388], [4.8960161796, 50.4781597673], [4.8971542004, 50.4784956585], [4.8980884661, 50.4787728609], [4.8978502336, 50.4791081721], [4.8973342662, 50.4798082922]]], ""type"": ""Polygon""}"
Gelbressée;GELBRESSEE;5024;Rue de Ferraire;4A;du 01/03 au 01/11 (de 8h à 18h) après Toussaint (de 8h à 17h);Végétalisé;1469.3886499997127;133;11;0;0;1;0;0;1;1;https://carto.ville.namur.be/public/tmpl/apppublic/?CTX=Appli%20Cimeti%C3%A8res%20-%20Opendata&KEY=CIM_CIMETIERES*4&CONFIGNAME=Elyx%20Cimeti%C3%A8re%20Consult&;https://data.namur.be/api/v2/catalog/datasets/namur-cimetieres/files/d15b7a6d5a0ff76de148d0a8eac89cf2;;4;14;OUI;NON;OUI;92052;50.50957423865619,4.954622746254424;"{""coordinates"": [[[4.9544084461, 50.5097681405], [4.9542697934, 50.509706175], [4.9542979022, 50.5096306932], [4.9543173234, 50.5095823166], [4.9543252641, 50.5095632168], [4.9547423814, 50.5093306], [4.9549359129, 50.5093726892], [4.9549292568, 50.5093930412], [4.9548749944, 50.5095537049], [4.9548109975, 50.5097138781], [4.9547199096, 50.5097585702], [4.9544084461, 50.5097681405]]], ""type"": ""Polygon""}"
Temploux;TEMPLOUX;5020;Route de Spy;2;du 01/03 au 01/11 (de 8h à 18h) après Toussaint (de 8h à 17h);Végétalisé;6164.168762858883;796;0;1;12;2;0;0;1;1;https://carto.ville.namur.be/public/tmpl/apppublic/?CTX=Appli%20Cimeti%C3%A8res%20-%20Opendata&KEY=CIM_CIMETIERES*8&CONFIGNAME=Elyx%20Cimeti%C3%A8re%20Consult&;https://data.namur.be/api/v2/catalog/datasets/namur-cimetieres/files/3e4b19255fb0a4b4a15164332af0a95b;;8;25;;;;92123;50.4859903492007,4.7472171545114685;"{""coordinates"": [[[4.7471775524, 50.4865868215], [4.7465382543, 50.4863936982], [4.7466857935, 50.486183469], [4.7466857748, 50.4861834223], [4.7471918798, 50.4854650422], [4.7478185212, 50.4854755327], [4.7478842398, 50.4855407249], [4.747341763, 50.4863770235], [4.7471775524, 50.4865868215]]], ""type"": ""Polygon""}"
Jambes;JAMBES;5100;Avenue du Camp;10;du 01/03 au 01/11 (de 8h à 18h) après Toussaint (de 8h à 17h);Végétalisé;26221.146799999682;3803;0;32;37;8;1;0;3;2;https://carto.ville.namur.be/public/tmpl/apppublic/?CTX=Appli%20Cimeti%C3%A8res%20-%20Opendata&KEY=CIM_CIMETIERES*81&CONFIGNAME=Elyx%20Cimeti%C3%A8re%20Consult&;https://data.namur.be/api/v2/catalog/datasets/namur-cimetieres/files/df748fde3bc5eaf408ec0976631a17ba;;81;15;OUI;OUI;OUI;92067;50.455201662908735,4.8826777682196285;"{""coordinates"": [[[4.8809527369, 50.4551490069], [4.8819578833, 50.4545464324], [4.882332396, 50.4548251907], [4.8832770143, 50.4542660267], [4.8842184226, 50.4549143831], [4.8843526724, 50.4548409642], [4.8844429747, 50.4549088012], [4.883922155, 50.4552142719], [4.8840067425, 50.4552745826], [4.8835073878, 50.4555732133], [4.8835281281, 50.4555897538], [4.8834829116, 50.4556145882], [4.8834319912, 50.4555810995], [4.8831454848, 50.4558858878], [4.8829029268, 50.4560363837], [4.8828823154, 50.45603171], [4.8824330537, 50.4561721513], [4.8809527369, 50.4551490069]]], ""type"": ""Polygon""}"
Suarlée;SUARLEE;5020;Rue Maria de Dorlodot;2;du 01/03 au 01/11 (de 8h à 18h) après Toussaint (de 8h à 17h);Végétalisé;3091.4725000007074;336;0;1;0;1;0;0;1;1;https://carto.ville.namur.be/public/tmpl/apppublic/?CTX=Appli%20Cimeti%C3%A8res%20-%20Opendata&KEY=CIM_CIMETIERES*11&CONFIGNAME=Elyx%20Cimeti%C3%A8re%20Consult&;https://data.namur.be/api/v2/catalog/datasets/namur-cimetieres/files/fc99ff62005dba11879c9004376e4a79;;11;24;;;;92120;50.48072222937733,4.78034510058398;"{""coordinates"": [[[4.7805334394, 50.4810840858], [4.7805285676, 50.4810909358], [4.7798414372, 50.4807872466], [4.7799790452, 50.4805869933], [4.7800986731, 50.4804093694], [4.7801113513, 50.4803928721], [4.7802234959, 50.4804241211], [4.7807439559, 50.480567831], [4.7808498816, 50.4805967639], [4.7808393115, 50.4806126245], [4.7805334394, 50.4810840858]]], ""type"": ""Polygon""}"
Marche-les-Dames;MARCHE-LES-DAMES;5024;Rue Notre-Dame du Vivier;145;du 01/03 au 01/11 (de 8h à 18h) après Toussaint (de 8h à 17h);Végétalisé;1332.529250000141;163;9;0;1;1;1;0;1;1;https://carto.ville.namur.be/public/tmpl/apppublic/?CTX=Appli%20Cimeti%C3%A8res%20-%20Opendata&KEY=CIM_CIMETIERES*13&CONFIGNAME=Elyx%20Cimeti%C3%A8re%20Consult&;https://data.namur.be/api/v2/catalog/datasets/namur-cimetieres/files/d41dcbfbddce3c2bf4b0d0ef7a4ecea5;;13;19;NON;NON;OUI;92083;50.48860328344716,4.957555047195517;"{""coordinates"": [[[4.9577190446, 50.488818125], [4.9572354722, 50.488711429], [4.9574239344, 50.4883753084], [4.9578600101, 50.4885044509], [4.9577190446, 50.488818125]]], ""type"": ""Polygon""}"
